Clark,4.33
Echols,4.31
Johnson,4.31
Benton,4.30
Wilkinson,4.29
Quitman,4.29
Heard,4.29
Lowndes,4.29
Webster,4.28
Banner,4.28
Glascock,4.26
Cleburne,4.26
McHenry,4.26
Jasper,4.26
Glasscock,4.25
Hale,4.25
Hayes,4.25
Gates,4.25
Crawford,4.25
Issaquena,4.25
Cleveland,4.24
Van Buren,4.24
Atkinson,4.24
Wilcox,4.24
Wheeler,4.24
Lynn,4.24
Marshall,4.23
Kemper,4.23
Schuyler,4.23
Treutlen,4.23
Sanborn,4.23
Carroll,4.22
Cannon,4.22
Clarke,4.22
Calhoun,4.22
Lanier,4.22
Meriwether,4.21
Blount,4.21
Twiggs,4.21
Union,4.21
Meigs,4.21
Lafayette,4.21
Roger Mills,4.21
Lamar,4.21
Bibb,4.20
Cochran,4.20
Worth,4.20
Schley,4.20
Crockett,4.20
Delta,4.20
Bollinger,4.20
Pike,4.20
Washington,4.20
Buckingham,4.20
Union,4.20
Nevada,4.20
Tate,4.20
Polk,4.20
Grainger,4.19
Caswell,4.19
De Soto,4.19
Lamar,4.19
Crenshaw,4.19
Jones,4.19
Charles City,4.19
Falls,4.19
Henry,4.19
Jenkins,4.19
Todd,4.19
Smith,4.19
Lawrence,4.18
Berrien,4.18
Upshur,4.18
St. Helena,4.18
Henderson,4.18
Greene,4.18
Hitchcock,4.18
Itawamba,4.18
Madison,4.18
King William,4.18
Tallahatchie,4.18
Banks,4.18
Taylor,4.18
Coosa,4.18
Holmes,4.18
Miller,4.18
Richland,4.18
Charlotte,4.18
Pickens,4.17
Daviess,4.17
Oglethorpe,4.17
Goliad,4.17
Yalobusha,4.17
Geneva,4.17
Covington,4.17
Tattnall,4.17
Brantley,4.17
Grant,4.17
Calhoun,4.17
Saluda,4.17
Hickman,4.17
Webster,4.17
Anson,4.16
Greene,4.16
Perry,4.16
Amite,4.16
Red River,4.16
Pontotoc,4.16
Dinwiddie,4.15
Abbeville,4.15
Morgan,4.15
Jasper,4.15
Harris,4.15
Franklin,4.15
Talbot,4.15
Newton,4.15
Gilchrist,4.15
Baker,4.15
Jones,4.15
Haralson,4.15
Washington,4.15
Chilton,4.15
Benson,4.15
Overton,4.15
Jackson,4.15
Perry,4.15
Telfair,4.14
Callahan,4.14
Union,4.14
DeKalb,4.14
Lee,4.14
Leake,4.14
Dallas,4.14
Prairie,4.14
Choctaw,4.14
Choctaw,4.14
Dooly,4.14
Coal,4.14
Montgomery,4.14
McClain,4.14
Lee,4.14
Cameron,4.13
Love,4.13
Grimes,4.13
Clay,4.13
Union,4.13
Calhoun,4.13
Butts,4.13
Caldwell,4.13
Hamlin,4.13
Columbus,4.13
Terrell,4.13
Conecuh,4.13
Jefferson Davis,4.13
Clay,4.13
Trousdale,4.13
Warren,4.12
Bledsoe,4.12
Lake,4.12
Chester,4.12
Hamilton,4.12
Appomattox,4.12
Fairfield,4.12
Burke,4.12
Knox,4.12
Brooks,4.12
Bladen,4.12
McNairy,4.12
Webster,4.12
Buffalo,4.12
Dewey,4.12
Cherokee,4.12
Bertie,4.12
Emanuel,4.12
Mitchell,4.12
Liberty,4.12
Grant,4.12
Logan,4.12
Rappahannock,4.12
Jack,4.11
Jefferson,4.11
Lincoln,4.11
Osage,4.11
Grundy,4.11
Sampson,4.11
Lincoln,4.11
East Feliciana,4.11
Morgan,4.11
Screven,4.11
Deuel,4.11
Lunenburg,4.11
Elmore,4.11
Edgefield,4.11
Nicholas,4.11
Jefferson,4.11
Newton,4.11
Duplin,4.11
San Jacinto,4.11
Turner,4.11
Montgomery,4.11
Effingham,4.10
Lewis,4.10
Hardeman,4.10
Lincoln,4.10
Bamberg,4.10
Maries,4.10
Grant,4.10
Richmond,4.10
Ballard,4.10
Monroe,4.10
Walthall,4.10
Bienville,4.10
McDonald,4.10
Okfuskee,4.10
Sullivan,4.10
Van Zandt,4.10
Panola,4.10
Wayne,4.10
Pulaski,4.10
Allendale,4.10
Hampton,4.10
Gibson,4.10
Carroll,4.10
Robertson,4.10
Fayette,4.10
McLean,4.10
Amelia,4.10
Doniphan,4.10
Wise,4.10
Armstrong,4.09
Clarendon,4.09
Irwin,4.09
Hickman,4.09
Perquimans,4.09
Clinton,4.09
Red River,4.09
Keokuk,4.09
Lincoln,4.09
Jackson,4.09
Larue,4.09
Lauderdale,4.09
Chickasaw,4.09
Bland,4.09
Lincoln,4.09
Garrard,4.09
Johnston,4.09
Surry,4.09
Washita,4.09
Chester,4.09
Liberty,4.09
Brunswick,4.09
Cheatham,4.09
St. Clair,4.09
Oliver,4.09
Greene,4.09
Murray,4.09
Perry,4.09
Chesterfield,4.08
Scott,4.08
Yadkin,4.08
Holt,4.08
Logan,4.08
Major,4.08
Ohio,4.08
Ripley,4.08
Franklin,4.08
Jefferson,4.08
Pike,4.08
Atoka,4.08
Rains,4.08
Gallatin,4.08
Pike,4.08
New Kent,4.08
Stokes,4.08
Cotton,4.08
Sussex,4.08
Franklin,4.08
DeKalb,4.08
Marion,4.08
Macon,4.08
Turner,4.07
Cook,4.07
Holmes,4.07
Pemiscot,4.07
Chicot,4.07
Monroe,4.07
Van Buren,4.07
Camden,4.07
Fayette,4.07
Morris,4.07
Jones,4.07
Candler,4.07
Randolph,4.07
Long,4.07
Cherokee,4.07
Jackson,4.07
Walker,4.07
Jackson,4.07
Bracken,4.07
Pierce,4.07
Chariton,4.06
Johnson,4.06
George,4.06
Pierce,4.06
San Augustine,4.06
Wabaunsee,4.06
Madison,4.06
Lawrence,4.06
Cumberland,4.06
Calhoun,4.06
White,4.06
Smith,4.06
Scott,4.06
Carlisle,4.06
Decatur,4.06
Stone,4.06
Butler,4.06
Crawford,4.06
Lewis,4.06
Bates,4.06
Fremont,4.06
Franklin,4.06
Montgomery,4.06
Shelby,4.06
Henry,4.06
Cullman,4.06
Mercer,4.06
Moore,4.06
Perry,4.06
Hardin,4.06
Granville,4.06
Vinton,4.06
Simpson,4.06
Bullock,4.06
Fremont,4.06
Marion,4.06
Jefferson,4.05
Rush,4.05
Yazoo,4.05
Green,4.05
Jackson,4.05
Gosper,4.05
Madison,4.05
Henderson,4.05
Pittsylvania,4.05
Walton,4.05
Grady,4.05
Bryan,4.05
Jefferson,4.05
Pope,4.05
Tipton,4.05
Floyd,4.05
Jefferson,4.05
Giles,4.05
Dodge,4.05
Seminole,4.05
Cherokee,4.05
Nelson,4.05
Copiah,4.05
Andrew,4.05
Ralls,4.05
Madison,4.05
Clinch,4.05
Franklin,4.05
Caroline,4.05
Houston,4.05
Monroe,4.05
Lincoln,4.05
Panola,4.05
Claiborne,4.05
Humphreys,4.04
Southampton,4.04
Bath,4.04
Grady,4.04
Webster,4.04
Appling,4.04
Union,4.04
Clark,4.04
Tippah,4.04
Campbell,4.04
Highland,4.04
Haskell,4.04
Jackson,4.04
Bacon,4.04
Lafayette,4.04
Sabine,4.04
McCook,4.04
Wayne,4.04
Covington,4.04
Elbert,4.04
Little River,4.04
Wayne,4.04
Lee,4.04
Martin,4.04
Lincoln,4.04
Newberry,4.04
Monroe,4.04
Union,4.04
Morrow,4.04
Williamsburg,4.04
Randolph,4.04
Barnwell,4.03
McMullen,4.03
Laurens,4.03
Madison,4.03
Cass,4.03
Beaver,4.03
Rusk,4.03
Suwannee,4.03
Allen,4.03
Wright,4.03
Prentiss,4.03
Conejos,4.03
Pike,4.03
Camp,4.03
Franklin,4.03
Carroll,4.03
Washington,4.03
Linn,4.03
Hot Spring,4.03
West Carroll,4.03
Creek,4.03
Brown,4.03
Garvin,4.03
Patrick,4.03
Jewell,4.03
Wakulla,4.03
Bosque,4.03
Waller,4.03
Monroe,4.03
Lincoln,4.03
Yell,4.03
Tunica,4.03
Holmes,4.03
Walker,4.03
Robertson,4.02
Hamilton,4.02
Cedar,4.02
Atchison,4.02
Shelby,4.02
Martin,4.02
Polk,4.02
Catahoula,4.02
Clay,4.02
Powhatan,4.02
Sumter,4.02
Lawrence,4.02
Dade,4.02
Caldwell,4.02
Parke,4.02
Davis,4.02
Ellis,4.02
Woodruff,4.02
Kershaw,4.02
Macon,4.02
Marion,4.02
Scott,4.02
Lumpkin,4.02
Howard,4.02
Obion,4.02
Fannin,4.02
Archer,4.02
Louisa,4.02
Washington,4.02
Jackson,4.02
Benton,4.02
Jones,4.02
Jasper,4.02
Crosby,4.02
Morgan,4.02
Worth,4.02
Scotland,4.02
Wagoner,4.02
Lincoln,4.02
Hart,4.01
Osage,4.01
Doddridge,4.01
Pawnee,4.01
Fisher,4.01
Fentress,4.01
Alexander,4.01
Barrow,4.01
Colquitt,4.01
Trimble,4.01
Craig,4.01
Freestone,4.01
Webster,4.01
Hill,4.01
Hawkins,4.01
Gadsden,4.01
Franklin,4.01
Metcalfe,4.01
Northampton,4.01
Gallia,4.01
Spencer,4.01
Tishomingo,4.01
Bartow,4.01
Burleson,4.01
Haywood,4.01
Dawson,4.01
St. Clair,4.01
Meigs,4.01
Newton,4.01
Osage,4.00
Clay,4.00
Putnam,4.00
Colleton,4.00
Bedford,4.00
Champaign,4.00
Limestone,4.00
Paulding,4.00
Roane,4.00
McIntosh,4.00
Seminole,4.00
Hickory,4.00
Kent,4.00
Hanson,4.00
Spencer,4.00
Posey,4.00
Loup,4.00
Pointe Coupee,4.00
Greene,4.00
Moniteau,4.00
Barbour,4.00
Stewart,4.00
Marshall,4.00
Hardin,4.00
Perry,4.00
Charlton,4.00
Person,4.00
Cherokee,4.00
Winston,4.00
Hart,4.00
Evans,4.00
Randolph,4.00
Russell,4.00
Bradley,4.00
Preble,4.00
Alfalfa,4.00
Talladega,4.00
Polk,4.00
Marshall,4.00
Neshoba,4.00
Keya Paha,4.00
Monroe,4.00
Ste. Genevieve,3.99
Pickens,3.99
Adams,3.99
Pamlico,3.99
Jeff Davis,3.99
Polk,3.99
Alexander,3.99
Macon,3.99
Switzerland,3.99
Miller,3.99
Owen,3.99
Wayne,3.99
Marion,3.99
Putnam,3.99
Tensas,3.99
Poinsett,3.99
Paulding,3.99
McMinn,3.99
Claiborne,3.99
King and Queen,3.99
Fannin,3.99
Divide,3.99
Livingston,3.99
Wilson,3.99
Robeson,3.99
Callaway,3.99
Warren,3.99
Harrison,3.99
Crowley,3.99
Cass,3.99
Lincoln,3.99
White,3.99
Butler,3.99
Livingston,3.99
Kingfisher,3.99
Lafayette,3.99
Grayson,3.99
Calhoun,3.99
Dale,3.99
Wayne,3.99
Tallapoosa,3.98
Clearwater,3.98
Nash,3.98
Spartanburg,3.98
Parker,3.98
Washington,3.98
Loving,3.98
Monroe,3.98
Stanly,3.98
Davidson,3.98
Pendleton,3.98
Conway,3.98
Mayes,3.98
Marlboro,3.98
Pickaway,3.98
Sac,3.98
Randolph,3.98
Iowa,3.98
Marshall,3.98
Casey,3.98
Louisa,3.98
Assumption,3.98
Carroll,3.98
McDuffie,3.98
Ray,3.98
Johnston,3.98
Acadia,3.98
Beauregard,3.98
Owen,3.98
Wilkinson,3.98
Choctaw,3.98
Harnett,3.98
Amherst,3.98
Edgecombe,3.98
St. Martin,3.98
Butler,3.98
Breckinridge,3.98
Noxubee,3.98
Comanche,3.98
Harrison,3.98
Calhoun,3.98
Cumberland,3.98
Early,3.98
Cleveland,3.97
Hertford,3.97
Avoyelles,3.97
Grant,3.97
Grant,3.97
Rolette,3.97
Tyler,3.97
Chattooga,3.97
Coffee,3.97
Grant,3.97
Sevier,3.97
Bleckley,3.97
Dickson,3.97
Okmulgee,3.97
Hunt,3.97
Weakley,3.97
Sequoyah,3.97
Pawnee,3.97
Laurens,3.97
Lawrence,3.97
Harrison,3.97
Sunflower,3.97
Mitchell,3.97
Nottoway,3.97
Marion,3.97
Quitman,3.97
Marshall,3.97
DeKalb,3.97
Chambers,3.97
Wood,3.97
Le Flore,3.97
Bradford,3.97
Winn,3.97
Hancock,3.97
Lauderdale,3.97
Rogers,3.97
Cocke,3.97
Yancey,3.97
Trempealeau,3.97
Scotland,3.97
Gentry,3.97
Rutherford,3.97
Nelson,3.97
Jackson,3.97
Adair,3.97
Marion,3.97
Autauga,3.97
Crittenden,3.97
Pleasants,3.97
Graves,3.96
Gordon,3.96
Harrison,3.96
Vermilion,3.96
Rockingham,3.96
Lee,3.96
Christian,3.96
Anderson,3.96
Catoosa,3.96
Rankin,3.96
Franklin,3.96
Jasper,3.96
Habersham,3.96
Stone,3.96
Newton,3.96
Essex,3.96
Fleming,3.96
Knott,3.96
Lee,3.96
Caldwell,3.96
Pushmataha,3.96
Newton,3.96
McIntosh,3.96
Worth,3.96
Stanton,3.96
Caroline,3.96
Atascosa,3.96
Bon Homme,3.96
Chowan,3.96
Carroll,3.96
Oconee,3.96
Pearl River,3.96
Etowah,3.96
Ottawa,3.96
Lonoke,3.96
Mississippi,3.96
Owyhee,3.96
West Feliciana,3.96
Starke,3.96
Haskell,3.95
Pickens,3.95
Carroll,3.95
Caddo,3.95
Orangeburg,3.95
Austin,3.95
Augusta,3.95
Adair,3.95
Greensville,3.95
Latimer,3.95
Montgomery,3.95
Darlington,3.95
Burke,3.95
Wayne,3.95
Nance,3.95
Jefferson Davis,3.95
Colorado,3.95
Kaufman,3.95
Currituck,3.95
Dixon,3.95
Marshall,3.95
Rowan,3.95
Baker,3.95
Calhoun,3.95
Lee,3.95
Anderson,3.95
Bath,3.95
Botetourt,3.95
Henry,3.95
Levy,3.95
Ripley,3.95
Franklin,3.95
Miami,3.95
Tuscaloosa,3.95
Fulton,3.95
Emery,3.95
Jerome,3.94
Campbell,3.94
Miller,3.94
Beaufort,3.94
Rhea,3.94
Karnes,3.94
Saunders,3.94
Morgan,3.94
Lowndes,3.94
Spalding,3.94
Lyon,3.94
Moody,3.94
East Carroll,3.94
Giles,3.94
Cumberland,3.94
Scott,3.94
Winston,3.94
Lawrence,3.94
Harrison,3.94
Hampshire,3.94
Canadian,3.94
Davie,3.94
Franklin,3.94
Polk,3.94
Warren,3.94
Reynolds,3.94
Tama,3.94
Peach,3.94
Johnson,3.94
Tyler,3.94
Bedford,3.94
Clinton,3.94
Tipton,3.94
Alcorn,3.94
Chambers,3.94
Butler,3.94
Washington,3.94
LaGrange,3.94
Pottawatomie,3.94
Clarke,3.94
Logan,3.94
Franklin,3.93
Loudon,3.93
Washington,3.93
Bulloch,3.93
Jasper,3.93
Franklin,3.93
Hancock,3.93
Vance,3.93
Floyd,3.93
Lauderdale,3.93
Evangeline,3.93
Preston,3.93
Leon,3.93
Whitfield,3.93
Surry,3.93
LaSalle,3.93
Pike,3.93
Newton,3.93
Meade,3.93
Kenedy,3.93
Thayer,3.93
Ohio,3.93
Douglas,3.93
Jennings,3.93
Broadwater,3.93
Caldwell,3.93
Crawford,3.93
Darke,3.93
Dyer,3.93
Clinton,3.93
Taylor,3.93
Dillon,3.93
Nowata,3.93
Lincoln,3.93
Murray,3.93
Iron,3.93
Carter,3.93
Elliott,3.93
Henderson,3.93
Limestone,3.93
Noble,3.93
Blaine,3.93
Smyth,3.93
Orange,3.93
Coffee,3.93
DeSoto,3.93
Mecklenburg,3.93
McCurtain,3.93
Pike,3.93
Edmonson,3.92
Halifax,3.92
Campbell,3.92
Claiborne,3.92
Wilkes,3.92
Carter,3.92
Hamblen,3.92
Anderson,3.92
Cherokee,3.92
St. Landry,3.92
Lenoir,3.92
Baldwin,3.92
Boyd,3.92
Trigg,3.92
Russell,3.92
Wells,3.92
Sargent,3.92
Clarion,3.92
Mobile,3.92
Orange,3.92
Maury,3.92
Mercer,3.92
Troup,3.92
Bedford,3.92
Hardy,3.92
Milam,3.92
Van Buren,3.92
Crawford,3.92
Oconee,3.92
Gilmer,3.92
West Baton Rouge,3.92
Hughes,3.92
Bossier,3.92
Clayton,3.92
Orange,3.92
McDowell,3.92
Decatur,3.92
Henry,3.92
Dixie,3.92
Wilkes,3.92
Pottawatomie,3.92
Warren,3.92
Massac,3.92
Pender,3.92
Gasconade,3.92
Shelby,3.92
Cumberland,3.91
Blount,3.91
Texas,3.91
Lexington,3.91
Hall,3.91
Houston,3.91
Allen,3.91
Gloucester,3.91
Ouachita,3.91
Mills,3.91
Floyd,3.91
Ashe,3.91
Sabine,3.91
Toombs,3.91
Cooper,3.91
Santa Rosa,3.91
Catawba,3.91
Union,3.91
Minidoka,3.91
Washington,3.91
Morgan,3.91
Fayette,3.91
Sharkey,3.91
Lavaca,3.91
Mason,3.91
Colbert,3.91
Escambia,3.91
Polk,3.91
Coweta,3.91
Essex,3.91
Cross,3.91
Monroe,3.91
Barton,3.91
Lee,3.90
Lewis,3.90
Grayson,3.90
Webster,3.90
Rockcastle,3.90
Pickett,3.90
Gallatin,3.90
Benton,3.90
Waldo,3.90
Howard,3.90
Tangipahoa,3.90
Jackson,3.90
Stephens,3.90
Oregon,3.90
Aiken,3.90
Cimarron,3.90
Hempstead,3.90
Jackson,3.90
Corson,3.90
Lucas,3.90
Todd,3.90
Hardee,3.90
Decatur,3.90
Wilcox,3.90
Morgan,3.90
Craig,3.90
Medina,3.90
Lamar,3.90
Hancock,3.90
Grenada,3.90
Lancaster,3.90
Nassau,3.90
Saline,3.90
Wythe,3.90
Hopkins,3.90
Morgan,3.90
Sequatchie,3.90
Walton,3.89
Greene,3.89
Washington,3.89
Stoddard,3.89
Pendleton,3.89
Hardin,3.89
Clay,3.89
Shenandoah,3.89
Isle of Wight,3.89
Morgan,3.89
Greene,3.89
Johnson,3.89
Smith,3.89
Goochland,3.89
Columbia,3.89
Benton,3.89
Union,3.89
Sullivan,3.89
Logan,3.89
Putnam,3.89
Live Oak,3.89
McCreary,3.89
Noble,3.89
Summers,3.89
Navarro,3.89
Stafford,3.89
Berkeley,3.89
Pike,3.89
Alleghany,3.89
Dearborn,3.89
Clay,3.89
Putnam,3.89
Gibson,3.89
Hancock,3.89
Baldwin,3.89
Bradley,3.89
Sullivan,3.89
Benton,3.89
Miami,3.89
Hoke,3.89
Marion,3.89
Eastland,3.89
Unicoi,3.89
Shelby,3.89
Delaware,3.88
Sullivan,3.88
Dunn,3.88
Johnson,3.88
Roberts,3.88
Page,3.88
Tazewell,3.88
Martin,3.88
Gaston,3.88
Kingman,3.88
Pike,3.88
Montague,3.88
Putnam,3.88
Upson,3.88
Jerauld,3.88
Muhlenberg,3.88
Scott,3.88
Rockbridge,3.88
White,3.88
Fulton,3.88
Edwards,3.88
Greene,3.88
Bond,3.88
Izard,3.88
Knox,3.88
Alleghany,3.88
Franklin,3.88
Lawrence,3.88
Angelina,3.88
Barbour,3.88
Trinity,3.88
Juab,3.88
Clay,3.88
Hancock,3.88
Marengo,3.88
Steele,3.88
Elbert,3.88
Madison,3.88
Tift,3.88
Ringgold,3.88
Pulaski,3.88
Sevier,3.88
Dorchester,3.87
Dodge,3.87
Cass,3.87
Vermillion,3.87
Lincoln,3.87
Lee,3.87
St. Francis,3.87
Gray,3.87
Cooke,3.87
McKenzie,3.87
Burnet,3.87
Blanco,3.87
Fulton,3.87
Madison,3.87
Franklin,3.87
Morgan,3.87
Gooding,3.87
Oldham,3.87
Greer,3.87
Somervell,3.87
Grayson,3.87
Bastrop,3.87
Monroe,3.87
Franklin,3.87
Madison,3.87
Pulaski,3.87
Dent,3.87
Lincoln,3.87
Attala,3.87
Morehouse,3.87
Cherokee,3.87
Washington,3.87
Mahnomen,3.86
Dade,3.86
Lowndes,3.86
Brown,3.86
Bandera,3.86
Douglas,3.86
Jefferson,3.86
Hocking,3.86
Avery,3.86
Carson,3.86
Montgomery,3.86
Florence,3.86
Harrison,3.86
Teton,3.86
Nicholas,3.86
Bryan,3.86
Washington,3.86
Drew,3.86
Vernon,3.86
Sterling,3.86
Wyoming,3.86
Prince George,3.86
Clark,3.86
Nacogdoches,3.86
Clay,3.86
Bowie,3.86
Iroquois,3.86
Wilson,3.86
Harrison,3.86
Washington,3.86
Carroll,3.86
Sherman,3.86
McLennan,3.86
Ottawa,3.86
Columbia,3.86
Buchanan,3.86
Lamar,3.86
Laurel,3.86
Scioto,3.86
Kearney,3.85
Bullitt,3.85
Stewart,3.85
Susquehanna,3.85
Fountain,3.85
Wilson,3.85
Mississippi,3.85
Howard,3.85
New Madrid,3.85
Belmont,3.85
Fulton,3.85
Pope,3.85
Warren,3.85
Antelope,3.85
Garrett,3.85
Elk,3.85
Concordia,3.85
Kiowa,3.85
Merrick,3.85
Mitchell,3.85
Jay,3.85
Fayette,3.85
Forrest,3.85
Meade,3.85
Sibley,3.85
Iberville,3.85
Morton,3.85
Natchitoches,3.85
Wayne,3.85
Seward,3.85
Menifee,3.85
Rockingham,3.85
Jackson,3.85
Putnam,3.85
Camden,3.85
Guernsey,3.85
Cedar,3.85
Jersey,3.85
Caddo,3.85
Somerset,3.85
Douglas,3.85
Sanpete,3.85
Anderson,3.84
Alamance,3.84
Mason,3.84
Henry,3.84
Randolph,3.84
Billings,3.84
Scott,3.84
St. Francois,3.84
Sumter,3.84
Barren,3.84
Walker,3.84
Grundy,3.84
Greene,3.84
Ellis,3.84
Oxford,3.84
Warrick,3.84
Wyoming,3.84
Richmond,3.84
Columbia,3.84
Perkins,3.84
Clay,3.84
Lyon,3.84
Jefferson,3.84
Independence,3.84
Union,3.84
Horry,3.84
Ector,3.84
Jasper,3.84
Clay,3.84
Rapides,3.84
Coffee,3.84
Schuyler,3.84
Henderson,3.84
Pulaski,3.84
Craighead,3.84
Russell,3.84
Fayette,3.84
Jackson,3.84
Madison,3.84
Washington,3.84
Clay,3.84
Ross,3.84
Lawrence,3.84
Shannon,3.84
Washburn,3.84
Bibb,3.83
Hancock,3.83
Montgomery,3.83
Gonzales,3.83
Knox,3.83
Putnam,3.83
Powell,3.83
Greenwood,3.83
Sumner,3.83
Dallas,3.83
Greene,3.83
Lyman,3.83
Dorchester,3.83
Wyoming,3.83
Mills,3.83
Owsley,3.83
Marion,3.83
Johnson,3.83
Carter,3.83
Boone,3.83
Phillips,3.83
Wayne,3.83
Clark,3.83
Pope,3.83
Macon,3.83
Warren,3.83
Butler,3.83
Jefferson,3.83
Jefferson,3.83
Faulkner,3.83
Johnson,3.83
Hamilton,3.83
St. Charles,3.83
Morrill,3.83
Iberia,3.83
Lafayette,3.83
Ouachita,3.83
Mathews,3.83
Carroll,3.83
Sharp,3.83
Ascension,3.83
Putnam,3.83
Ottawa,3.83
Muskogee,3.83
Wharton,3.83
Fayette,3.83
Greene,3.83
Whitley,3.83
Gaines,3.83
Clayton,3.83
Snyder,3.83
Hinds,3.83
Ozark,3.82
Greenville,3.82
Boone,3.82
Garland,3.82
Perry,3.82
Greenup,3.82
White,3.82
Hubbard,3.82
Leslie,3.82
Cass,3.82
Georgetown,3.82
Ware,3.82
Wyandotte,3.82
Haywood,3.82
Titus,3.82
Wyandot,3.82
Rutherford,3.82
Cabarrus,3.82
Transylvania,3.82
Madison,3.82
McCormick,3.82
Becker,3.82
Lafayette,3.82
Burt,3.82
Buchanan,3.82
Miner,3.82
Fulton,3.82
Muskingum,3.82
Juneau,3.82
Mineral,3.82
Logan,3.82
Henry,3.82
Butler,3.82
Rowan,3.82
Mille Lacs,3.82
Wolfe,3.82
Armstrong,3.82
Storey,3.82
Madison,3.82
Brown,3.82
Thomas,3.81
Greene,3.81
Clinton,3.81
Bingham,3.81
Montgomery,3.81
Wise,3.81
Adair,3.81
King George,3.81
Calcasieu,3.81
Lawrence,3.81
Lewis,3.81
Kewaunee,3.81
Richmond,3.81
Cherokee,3.81
Robertson,3.81
Lubbock,3.81
Houston,3.81
Estill,3.81
Hood,3.81
Washington,3.81
Camden,3.81
Wabash,3.81
Moultrie,3.81
Marion,3.81
Barry,3.81
Perry,3.81
Coke,3.81
York,3.81
Midland,3.81
Lewis,3.81
McLean,3.81
Missaukee,3.81
Cole,3.81
Crawford,3.81
Nelson,3.81
Escambia,3.81
Parmer,3.81
Cassia,3.81
Wayne,3.81
Lipscomb,3.81
Wallace,3.81
Oklahoma,3.81
Gulf,3.80
Glynn,3.80
Tulsa,3.80
Montgomery,3.80
Clay,3.80
Towns,3.80
Noble,3.80
Harper,3.80
Carroll,3.80
Berkeley,3.80
DeKalb,3.80
Sumner,3.80
Pitt,3.80
Kennebec,3.80
Somerset,3.80
Iredell,3.80
Franklin,3.80
Caldwell,3.80
Cleveland,3.80
Dickenson,3.80
Brunswick,3.80
Carbon,3.80
Washington,3.80
Duchesne,3.80
Gregg,3.80
Letcher,3.80
Beltrami,3.80
Bay,3.80
Cedar,3.80
Ashtabula,3.80
Jones,3.80
Vernon,3.80
Pepin,3.80
Mercer,3.80
Refugio,3.80
Pulaski,3.80
Buena Vista,3.80
Fillmore,3.80
Hancock,3.80
Juniata,3.80
Clark,3.80
Lampasas,3.80
Adams,3.80
Wayne,3.80
Orleans,3.80
Morrison,3.80
Raleigh,3.80
Whitley,3.80
Union,3.80
Canyon,3.80
Lincoln,3.79
Knox,3.79
Somerset,3.79
Tioga,3.79
Magoffin,3.79
Houston,3.79
Fayette,3.79
Ashley,3.79
Chase,3.79
Saline,3.79
Howell,3.79
Calhoun,3.79
Cape Girardeau,3.79
Marquette,3.79
Edmunds,3.79
Aroostook,3.79
Union,3.79
Schuyler,3.79
Rabun,3.79
Braxton,3.79
Pasquotank,3.79
Sheridan,3.79
Monona,3.79
Franklin,3.79
Henderson,3.79
Cherokee,3.79
Hockley,3.79
Pike,3.79
Chippewa,3.79
Fayette,3.79
Box Elder,3.79
DeWitt,3.79
Greene,3.79
Rockdale,3.79
Adams,3.78
Weld,3.78
Laclede,3.78
Chickasaw,3.78
LaMoure,3.78
Wayne,3.78
Lafourche,3.78
Clinton,3.78
Lane,3.78
Cecil,3.78
Madison,3.78
Sebastian,3.78
Knox,3.78
Brazoria,3.78
Itasca,3.78
Erath,3.78
Rockwall,3.78
Rice,3.78
Cass,3.78
Simpson,3.78
Taney,3.78
Taylor,3.78
Frontier,3.78
Mason,3.78
Madison,3.78
Ravalli,3.78
Winkler,3.78
Bradford,3.78
Northumberland,3.78
Woodford,3.78
Crisp,3.78
Dunklin,3.78
Osceola,3.78
Onslow,3.78
Otter Tail,3.78
Pontotoc,3.77
Potter,3.77
Marshall,3.77
San Patricio,3.77
Taylor,3.77
Mercer,3.77
Williamson,3.77
Carteret,3.77
Macon,3.77
Clark,3.77
White,3.77
Upshur,3.77
Clarke,3.77
Sioux,3.77
Daviess,3.77
Tuscarawas,3.77
Cumberland,3.77
Marshall,3.77
Randall,3.77
Coshocton,3.77
Brooke,3.77
Delaware,3.77
Chatham,3.77
Duval,3.77
Moore,3.77
Lawrence,3.77
Harrison,3.77
Johnson,3.77
Edwards,3.77
Brown,3.77
Madison,3.77
Kanabec,3.77
Steuben,3.77
Motley,3.77
Guthrie,3.77
Washington,3.77
Randolph,3.77
Greeley,3.77
Polk,3.77
Calloway,3.77
Culpeper,3.77
Clark,3.77
Ben Hill,3.77
Irion,3.77
Linn,3.76
Hancock,3.76
Willacy,3.76
Jefferson,3.76
Dubois,3.76
Richland,3.76
St. Johns,3.76
Rock,3.76
Elkhart,3.76
Sedgwick,3.76
Prince Edward,3.76
Washington,3.76
Plaquemines,3.76
Greenbrier,3.76
Hardin,3.76
Franklin,3.76
Kendall,3.76
Jefferson,3.76
Lafayette,3.76
Guadalupe,3.76
Frederick,3.76
St. James,3.76
Comal,3.76
Rush,3.76
Stephens,3.76
Ashland,3.76
Nemaha,3.76
Henry,3.76
Coleman,3.76
Carter,3.76
Pittsburg,3.76
Indiana,3.76
Hernando,3.76
Shelby,3.76
Oktibbeha,3.76
Reeves,3.76
Chatham,3.76
Perry,3.76
Washington,3.75
Victoria,3.75
Huntingdon,3.75
Cleburne,3.75
Burke,3.75
Westmoreland,3.75
Smith,3.75
Vigo,3.75
Calhoun,3.75
Power,3.75
Bell,3.75
Piute,3.75
Beckham,3.75
Bear Lake,3.75
Hidalgo,3.75
Llano,3.75
Shelby,3.75
Pottawattamie,3.75
Lake,3.75
Mountrail,3.75
Yellow Medicine,3.75
Douglas,3.75
Mercer,3.75
Yuba,3.75
Hopkins,3.75
Buncombe,3.75
Windham,3.75
Belknap,3.75
Shelby,3.75
Saline,3.75
Piatt,3.75
Fluvanna,3.75
Forest,3.75
Forsyth,3.75
Jackson,3.75
Woodward,3.75
Guilford,3.75
Orleans,3.75
Richland,3.75
Androscoggin,3.75
Ward,3.74
Menard,3.74
Leavenworth,3.74
Lake,3.74
Washington,3.74
Jasper,3.74
Columbiana,3.74
Benton,3.74
Union,3.74
Shelby,3.74
Searcy,3.74
Wayne,3.74
Howard,3.74
Citrus,3.74
Garfield,3.74
Garfield,3.74
Halifax,3.74
Williams,3.74
Sevier,3.74
Brule,3.74
Wabash,3.74
Breathitt,3.74
Brown,3.74
Van Wert,3.74
Harding,3.74
Tioga,3.74
Palo Pinto,3.74
Kittson,3.74
Marion,3.74
Renville,3.74
Calhoun,3.74
Auglaize,3.74
Humphreys,3.74
Stark,3.74
Licking,3.74
Colfax,3.74
Shawano,3.74
Bureau,3.74
Coryell,3.74
Warren,3.74
Sanilac,3.74
Aitkin,3.74
Taylor,3.74
Gillespie,3.74
Wirt,3.74
Le Sueur,3.74
Lincoln,3.74
Dickinson,3.74
Carroll,3.74
Taylor,3.74
Desha,3.73
Adams,3.73
Allen,3.73
Montgomery,3.73
Crittenden,3.73
Dallas,3.73
Miami,3.73
Suffolk,3.73
Pulaski,3.73
Pennington,3.73
Crawford,3.73
Piscataquis,3.73
Adams,3.73
Huron,3.73
Salem,3.73
Comanche,3.73
Randolph,3.73
Logan,3.73
Madison,3.73
Plymouth,3.73
Tom Green,3.73
Union,3.73
Ritchie,3.73
Clermont,3.73
Marion,3.73
Jessamine,3.73
Payne,3.73
St. Tammany,3.73
Clark,3.73
Crow Wing,3.73
Mingo,3.73
Stone,3.73
Clay,3.73
Payette,3.73
Weber,3.73
Natrona,3.73
Adams,3.73
Adams,3.73
Pierce,3.73
Wilkin,3.73
Scott,3.73
McCracken,3.73
Galveston,3.73
Buchanan,3.73
Carroll,3.73
Vanderburgh,3.73
Mesa,3.73
Washington,3.73
Northumberland,3.72
Wetzel,3.72
Waushara,3.72
Clay,3.72
Jackson,3.72
Waupaca,3.72
Petersburg,3.72
Lake of the Woods,3.72
Jefferson,3.72
Blackford,3.72
Jefferson,3.72
Nemaha,3.72
Iron,3.72
Athens,3.72
Aurora,3.72
Barron,3.72
Bristol,3.72
York,3.72
Montgomery,3.72
Warren,3.72
Anderson,3.72
Penobscot,3.72
Beaufort,3.72
Fayette,3.72
Kidder,3.72
Portage,3.72
Muscogee,3.72
Yellowstone,3.72
Craven,3.72
Bottineau,3.72
Jackson,3.72
Nueces,3.72
Isanti,3.72
St. Bernard,3.72
Clearfield,3.72
Jefferson,3.72
Bourbon,3.72
Pettis,3.72
Harlan,3.72
Hanover,3.72
Taylor,3.72
Audrain,3.72
Wayne,3.72
Randolph,3.72
Traill,3.72
Knox,3.71
Gage,3.71
Sandusky,3.71
Osceola,3.71
Eureka,3.71
Shackelford,3.71
Venango,3.71
Lincoln,3.71
Ransom,3.71
Marshall,3.71
East Baton Rouge,3.71
Chisago,3.71
Shawnee,3.71
Trumbull,3.71
Warren,3.71
Marathon,3.71
Caledonia,3.71
Polk,3.71
McCone,3.71
Walworth,3.71
Effingham,3.71
St. Lucie,3.71
Cuming,3.71
Macoupin,3.71
Gwinnett,3.71
Christian,3.71
Volusia,3.71
Kossuth,3.71
Stark,3.71
Benton,3.71
Charleston,3.71
Republic,3.71
Pocahontas,3.71
Schuylkill,3.71
Kosciusko,3.71
Manatee,3.71
Brazos,3.71
Matagorda,3.71
Grand Isle,3.71
Indian River,3.71
Forsyth,3.71
DeSoto,3.71
Flagler,3.71
Kanawha,3.71
Baxter,3.71
Custer,3.70
Jefferson,3.70
Merrimack,3.70
Big Horn,3.70
Hopewell,3.70
Seneca,3.70
Schoharie,3.70
Floyd,3.70
Shoshone,3.70
Harris,3.70
Okaloosa,3.70
Bexar,3.70
Sagadahoc,3.70
Wood,3.70
Franklin,3.70
Roberts,3.70
Clinton,3.70
Hooker,3.70
Allen,3.70
Hutchinson,3.70
Boone,3.70
Fairfield,3.70
Kootenai,3.70
Bell,3.70
Uintah,3.70
Wood,3.70
Kerr,3.70
Monroe,3.70
Crawford,3.70
Oconto,3.70
Marshall,3.70
Renville,3.70
Meeker,3.70
McPherson,3.70
Vernon,3.70
Sarpy,3.70
Wayne,3.70
Dougherty,3.70
Pasco,3.70
Gilmer,3.70
Hamilton,3.70
Iowa,3.70
Monroe,3.70
Jefferson,3.70
Galax,3.70
Hamilton,3.70
Martin,3.69
Cameron,3.69
Stillwater,3.69
Burleigh,3.69
Hays,3.69
Scotts Bluff,3.69
Huntington,3.69
Watauga,3.69
Orange,3.69
Ellsworth,3.69
Dodge,3.69
Terrebonne,3.69
Crawford,3.69
Ohio,3.69
Dickinson,3.69
Platte,3.69
Hancock,3.69
Boone,3.69
Norman,3.69
Williams,3.69
Phelps,3.69
Vermilion,3.69
Sullivan,3.69
Carbon,3.69
Washington,3.69
Kingsbury,3.69
Perry,3.69
Jackson,3.69
Greenwood,3.69
Norton,3.69
Flathead,3.69
Crook,3.69
Lawrence,3.69
Jasper,3.69
LaPorte,3.68
Palo Alto,3.68
Addison,3.68
Tehama,3.68
Pinal,3.68
Middlesex,3.68
Cabell,3.68
Queen Anne's,3.68
Clay,3.68
Grant,3.68
Adams,3.68
Big Horn,3.68
Butler,3.68
Accomack,3.68
Cheboygan,3.68
Kiowa,3.68
Lac qui Parle,3.68
Daviess,3.68
Tooele,3.68
Lewis,3.68
Hardin,3.68
Camas,3.68
Monroe,3.68
Davidson,3.68
Sussex,3.68
Reno,3.68
Grundy,3.68
Roanoke,3.68
Lyon,3.68
Tarrant,3.68
Johnson,3.68
Osceola,3.68
Oswego,3.68
Tillman,3.68
Dunn,3.68
Boyd,3.68
Clay,3.68
Lee,3.68
Sherburne,3.68
Hendricks,3.68
Nodaway,3.68
Hardin,3.68
Lee,3.68
Spotsylvania,3.68
Franklin,3.68
Cumberland,3.68
Liberty,3.68
Chesterfield,3.68
Salt Lake,3.68
Fulton,3.68
Cambria,3.67
Webster,3.67
Woodson,3.67
Marion,3.67
Grant,3.67
Fayette,3.67
Jackson,3.67
Shelby,3.67
Wichita,3.67
Wabasha,3.67
Clarke,3.67
Rusk,3.67
Throckmorton,3.67
Wicomico,3.67
Coffey,3.67
Lewis and Clark,3.67
Hyde,3.67
Jim Wells,3.67
Cass,3.67
Williamson,3.67
York,3.67
Kay,3.67
Henry,3.67
Winnebago,3.67
Twin Falls,3.67
Yakima,3.67
Pulaski,3.67
Okeechobee,3.67
Delaware,3.67
Warren,3.67
Warren,3.67
Decatur,3.67
Bourbon,3.67
Campbell,3.67
Minnehaha,3.67
Chaves,3.67
Pueblo,3.67
Castro,3.67
Lea,3.67
Clinton,3.67
Bremer,3.67
Fauquier,3.67
Audubon,3.67
Custer,3.67
Henry,3.67
Maricopa,3.67
Scott,3.67
Buffalo,3.66
Runnels,3.66
Gem,3.66
Lycoming,3.66
Leon,3.66
Eddy,3.66
Danville,3.66
Knox,3.66
Gallatin,3.66
Bolivar,3.66
Highlands,3.66
Franklin,3.66
Mahoning,3.66
Potter,3.66
Briscoe,3.66
Decatur,3.66
Polk,3.66
Washington,3.66
Sumter,3.66
Henry,3.66
San Bernardino,3.66
Starr,3.66
Marion,3.66
Seneca,3.66
Chenango,3.66
Graham,3.66
Hodgeman,3.66
Red Lake,3.66
Chattahoochee,3.66
Cass,3.66
Montgomery,3.66
Boyle,3.66
Roane,3.66
Kent,3.66
Kenton,3.65
La Plata,3.65
Washington,3.65
Lee,3.65
Allamakee,3.65
Ward,3.65
Tyrrell,3.65
Brevard,3.65
Swain,3.65
Westmoreland,3.65
Mifflin,3.65
Utah,3.65
Kalkaska,3.65
Roseau,3.65
Shasta,3.65
Floyd,3.65
Lancaster,3.65
Woodbury,3.65
Calaveras,3.65
Arenac,3.65
Harlan,3.65
Jackson,3.65
Harper,3.65
Teton,3.65
Boone,3.65
Wood,3.65
Douglas,3.65
Lawrence,3.65
Union,3.65
Marion,3.65
Tuscola,3.65
Deuel,3.65
Laramie,3.65
Strafford,3.65
Macon,3.65
Menominee,3.65
Allen,3.65
Chesapeake,3.65
Jo Daviess,3.65
Jefferson,3.65
Hutchinson,3.65
Charles Mix,3.65
Pima,3.65
King,3.64
Haskell,3.64
Washington,3.64
Fresno,3.64
Monroe,3.64
Skamania,3.64
El Paso,3.64
Hillsborough,3.64
New Hanover,3.64
St. Mary,3.64
Muscatine,3.64
Appanoose,3.64
Kent,3.64
Stearns,3.64
Newaygo,3.64
Fulton,3.64
Marshall,3.64
Hillsdale,3.64
Davis,3.64
Mercer,3.64
Rock Island,3.64
Marion,3.64
O'Brien,3.64
Leflore,3.64
Aransas,3.64
Green Lake,3.64
Bonner,3.64
Allegany,3.64
Geauga,3.64
Wapello,3.64
Sullivan,3.64
Bent,3.64
Phillips,3.64
Taliaferro,3.64
Faribault,3.64
Franklin,3.64
Rooks,3.64
Coahoma,3.64
Dallas,3.64
San Saba,3.63
Worcester,3.63
Warren,3.63
Freeborn,3.63
Coos,3.63
Bartholomew,3.63
Millard,3.63
Bonneville,3.63
San Juan,3.63
Martinsville,3.63
Rock,3.63
Washoe,3.63
Mercer,3.63
Ogle,3.63
Lee,3.63
Winneshiek,3.63
Butte,3.63
Montgomery,3.63
Knox,3.63
Webb,3.63
Wheeler,3.63
Jefferson,3.63
Cache,3.63
Otoe,3.63
Howard,3.63
Summit,3.63
Portage,3.63
Bailey,3.63
Sarasota,3.63
Valencia,3.63
Cerro Gordo,3.63
Defiance,3.63
Codington,3.63
Lynchburg,3.63
Hendry,3.63
Blair,3.63
Livingston,3.63
Clarke,3.63
Medina,3.63
Scott,3.62
Harvey,3.62
Greene,3.62
Black Hawk,3.62
Morgan,3.62
Fond du Lac,3.62
Portsmouth,3.62
Columbia,3.62
Mahaska,3.62
Elko,3.62
Lincoln,3.62
Boone,3.62
Cowley,3.62
Richland,3.62
Ada,3.62
Hamilton,3.62
Polk,3.62
De Witt,3.62
Waseca,3.62
Tazewell,3.62
Crawford,3.62
St. Joseph,3.62
Blaine,3.62
Allegany,3.62
Stephens,3.62
Pecos,3.62
El Paso,3.62
Linn,3.62
Erie,3.62
Lake,3.62
Montcalm,3.62
Madison,3.62
Arkansas,3.62
Grant,3.62
Douglas,3.62
Jefferson,3.62
Missoula,3.62
Martin,3.62
Oldham,3.62
Franklin,3.62
Hancock,3.62
Dubuque,3.62
Montezuma,3.62
Cobb,3.62
Branch,3.61
Herkimer,3.61
Lorain,3.61
Kandiyohi,3.61
Butler,3.61
Alachua,3.61
Park,3.61
Campbell,3.61
Kern,3.61
Pierce,3.61
Clinton,3.61
Cascade,3.61
St. Mary's,3.61
Douglas,3.61
York,3.61
St. John the Baptist,3.61
Tulare,3.61
Staunton,3.61
Adair,3.61
York,3.61
Fort Bend,3.61
Carlton,3.61
Orange,3.61
Perry,3.61
Riverside,3.61
Bee,3.61
Richland,3.61
Labette,3.61
Yates,3.61
Haakon,3.61
Steuben,3.61
Colusa,3.61
Big Stone,3.61
Seminole,3.61
Newport News,3.61
Uvalde,3.61
Christian,3.61
Jackson,3.60
St. Louis,3.60
Livingston,3.60
Cortland,3.60
Montrose,3.60
Genesee,3.60
Porter,3.60
Collier,3.60
Lamb,3.60
Houston,3.60
Langlade,3.60
St. Charles,3.60
Terry,3.60
Walsh,3.60
Humboldt,3.60
Lucas,3.60
Lancaster,3.60
Mitchell,3.60
Clark,3.60
Van Buren,3.60
Whiteside,3.60
Grafton,3.60
Hampton,3.60
Stanislaus,3.60
Summit,3.60
La Crosse,3.60
Stark,3.60
Beaver,3.60
Colonial Heights,3.60
Thomas,3.60
Denton,3.60
Young,3.60
Bannock,3.60
Wadena,3.60
Wayne,3.60
Madera,3.60
Oceana,3.60
Norfolk,3.60
Williamson,3.60
Montgomery,3.60
Cheshire,3.60
McKean,3.60
Columbia,3.59
Des Moines,3.59
Adams,3.59
Swisher,3.59
Ogemaw,3.59
Cavalier,3.59
Mohave,3.59
Polk,3.59
Pine,3.59
Cayuga,3.59
Cass,3.59
Rio Grande,3.59
Columbia,3.59
Pierce,3.59
Logan,3.59
Jackson,3.59
Eagle,3.59
Stanley,3.59
Cowlitz,3.59
Monongalia,3.59
Lapeer,3.59
Dakota,3.59
San Joaquin,3.59
Kent,3.59
Waynesboro,3.59
Howard,3.59
Sheridan,3.59
Scurry,3.59
Barry,3.59
Torrance,3.59
Webster,3.59
Dona Ana,3.59
St. Clair,3.58
Spokane,3.58
Crook,3.58
Mecklenburg,3.58
Hand,3.58
Linn,3.58
Silver Bow,3.58
Sweetwater,3.58
Greene,3.58
Chautauqua,3.58
Lake,3.58
Sioux,3.58
Buena Vista,3.58
Glenn,3.58
Graham,3.58
Marshall,3.58
Richland,3.58
Lincoln,3.58
Gove,3.58
Boone,3.58
Wasatch,3.58
Sutter,3.58
Buffalo,3.58
Neosho,3.58
Poquoson,3.58
Merced,3.58
Yoakum,3.58
Montgomery,3.58
Cumberland,3.58
Edgar,3.58
Douglas,3.58
Emmet,3.58
Windsor,3.58
Saline,3.58
Floyd,3.58
Chemung,3.58
St. Croix,3.58
Sublette,3.57
Yavapai,3.57
Ness,3.57
Otero,3.57
Hale,3.57
Benton,3.57
Larimer,3.57
Lebanon,3.57
Manitowoc,3.57
Salem,3.57
Dallas,3.57
Roanoke,3.57
Saguache,3.57
Clark,3.57
Wright,3.57
Washington,3.57
Teton,3.57
Ida,3.57
New London,3.57
Bayfield,3.57
Rutland,3.57
Clear Creek,3.57
Columbia,3.57
Stevens,3.57
Dundy,3.57
Allegan,3.57
Bernalillo,3.57
Fremont,3.57
Upton,3.57
Clay,3.56
Arthur,3.56
Douglas,3.56
Jefferson,3.56
Morrow,3.56
Logan,3.56
Andrews,3.56
Nolan,3.56
Pinellas,3.56
Geary,3.56
Nez Perce,3.56
Story,3.56
St. Clair,3.56
Tolland,3.56
Val Verde,3.56
Crawford,3.56
Glades,3.56
Dare,3.56
Tippecanoe,3.56
Radford,3.56
Asotin,3.56
Cattaraugus,3.56
Rockingham,3.56
Brown,3.56
Litchfield,3.56
Wells,3.56
Virginia Beach,3.56
Lancaster,3.56
Florence,3.56
Montour,3.56
Converse,3.56
Santa Cruz,3.56
Vilas,3.56
Harford,3.56
Stevens,3.56
Atchison,3.56
Skagit,3.56
Woodford,3.55
Menominee,3.55
Berks,3.55
Trego,3.55
Marion,3.55
Oneida,3.55
Blaine,3.55
Boone,3.55
Jackson,3.55
Coles,3.55
McLeod,3.55
Grant,3.55
Carbon,3.55
Stephenson,3.55
Emmons,3.55
Finney,3.55
Hall,3.55
Rensselaer,3.55
Clark,3.55
Kings,3.55
Tuolumne,3.55
Park,3.55
Lincoln,3.55
Malheur,3.55
Schleicher,3.55
Gregory,3.55
Charlotte,3.55
Jefferson,3.55
Pend Oreille,3.54
Moffat,3.54
Madison,3.54
Madison,3.54
Erie,3.54
Hamilton,3.54
Essex,3.54
Sandoval,3.54
Winnebago,3.54
Chautauqua,3.54
Curry,3.54
Ionia,3.54
Roosevelt,3.54
Douglas,3.54
Riley,3.54
Dodge,3.54
Carroll,3.54
Windham,3.54
Russell,3.54
Dickey,3.54
Hill,3.54
Maverick,3.54
Sangamon,3.54
Montgomery,3.54
Marion,3.54
James City,3.53
Ontario,3.53
Durham,3.53
McDowell,3.53
Johnson,3.53
Huron,3.53
Mason,3.53
Weston,3.53
Cass,3.53
Shiawassee,3.53
Edwards,3.53
Butte,3.53
Sheridan,3.53
Peoria,3.53
Josephine,3.53
Umatilla,3.53
Henrico,3.53
Sedgwick,3.53
Churchill,3.53
Racine,3.53
Ellis,3.53
Logan,3.53
McCulloch,3.53
Washington,3.53
Lenawee,3.53
LaSalle,3.53
Calvert,3.53
Sacramento,3.53
Barnstable,3.53
Middlesex,3.53
Otsego,3.53
Gratiot,3.53
Platte,3.53
Jackson,3.52
Arapahoe,3.52
Woods,3.52
Kleberg,3.52
Bristol,3.52
Luzerne,3.52
Washington,3.52
Hillsborough,3.52
Fayette,3.52
Jefferson,3.52
Burnett,3.52
Douglas,3.52
Morgan,3.52
Berrien,3.52
Mecosta,3.52
Wahkiakum,3.52
Kimble,3.52
Nuckolls,3.52
Kankakee,3.52
Golden Valley,3.52
Wexford,3.52
Donley,3.52
Delta,3.52
Duval,3.52
Outagamie,3.52
Klamath,3.52
Poweshiek,3.52
Marinette,3.52
Eau Claire,3.52
Sawyer,3.52
Custer,3.52
Yamhill,3.52
Grand Traverse,3.52
Grundy,3.52
Wilbarger,3.51
Palm Beach,3.51
Archuleta,3.51
Stutsman,3.51
Hudspeth,3.51
Caribou,3.51
Wheeler,3.51
Calumet,3.51
Knox,3.51
Wright,3.51
Franklin,3.51
Providence,3.51
Gray,3.51
Collin,3.51
Barton,3.51
Bay,3.51
Lake,3.51
Saratoga,3.51
Davison,3.50
Saline,3.50
Richmond,3.50
Charles,3.50
Solano,3.50
Cheyenne,3.50
Wake,3.50
Monroe,3.50
Wilson,3.50
Cuyahoga,3.50
Holt,3.50
DeKalb,3.50
Guadalupe,3.50
Northampton,3.50
Jefferson,3.50
Lane,3.50
Richardson,3.50
Sauk,3.50
Coconino,3.50
Emmet,3.50
Osborne,3.50
Isabella,3.50
Nobles,3.50
Hamilton,3.50
Lamoille,3.50
Oneida,3.50
Richland,3.50
McDonough,3.50
Warren,3.50
Sheridan,3.50
Genesee,3.49
St. Joseph,3.49
Ulster,3.49
Deschutes,3.49
Lyon,3.49
Beaver,3.49
Johnson,3.49
Hampden,3.49
Dawson,3.49
Douglas,3.49
Niagara,3.49
Harmon,3.49
Jefferson,3.49
Washington,3.49
New Haven,3.49
Dimmit,3.49
Daniels,3.49
Thurston,3.49
Navajo,3.49
Union,3.49
Polk,3.49
De Baca,3.49
Judith Basin,3.49
Saginaw,3.49
Chippewa,3.49
Valley,3.49
Elk,3.49
Steele,3.49
Grand Forks,3.49
Alamosa,3.49
Thomas,3.49
Deaf Smith,3.48
Graham,3.48
Goshen,3.48
Uinta,3.48
Rock,3.48
Blaine,3.48
Spink,3.48
Cape May,3.48
Dickinson,3.48
St. Lawrence,3.48
Beadle,3.48
Morris,3.48
Brookings,3.48
Lake,3.48
Carroll,3.48
Texas,3.48
Carson City,3.48
Lackawanna,3.48
Lincoln,3.48
Borden,3.48
Barber,3.48
Red Willow,3.48
Oneida,3.48
Whatcom,3.48
Stafford,3.48
Martin,3.48
Ford,3.48
Franklin,3.48
Cibola,3.48
Cottonwood,3.48
San Luis Obispo,3.48
Roosevelt,3.48
Montgomery,3.48
Ramsey,3.47
Mineral,3.47
Ford,3.47
Glacier,3.47
Plymouth,3.47
Siskiyou,3.47
Dawson,3.47
Boundary,3.47
Miami-Dade,3.47
Winona,3.47
Pembina,3.47
Dallam,3.47
Yuma,3.47
Tripp,3.47
Antrim,3.47
Clatsop,3.47
Orleans,3.47
Anoka,3.47
Gogebic,3.47
Furnas,3.47
Santa Fe,3.47
Stevens,3.47
Northampton,3.47
Mower,3.47
Mason,3.46
Moore,3.46
Grays Harbor,3.46
Park,3.46
Snohomish,3.46
Hughes,3.46
Clackamas,3.46
Dauphin,3.46
Chelan,3.46
Winnebago,3.46
Lewis,3.46
Price,3.46
Leelanau,3.46
Kiowa,3.46
Brown,3.46
Fremont,3.46
DeKalb,3.46
Madison,3.46
Talbot,3.46
Denver,3.46
Fulton,3.46
St. Louis,3.45
Grant,3.45
Ocean,3.45
Yankton,3.45
Blue Earth,3.45
Pondera,3.45
Madison,3.45
Sheboygan,3.45
Muskegon,3.45
Monroe,3.45
Las Animas,3.45
Clark,3.45
Kenosha,3.45
Zapata,3.45
Fillmore,3.45
Monterey,3.45
Albany,3.45
Hartford,3.45
Delaware,3.45
Cochise,3.45
Dolores,3.45
Pratt,3.45
Adams,3.45
Sweet Grass,3.45
Lassen,3.45
Alpena,3.44
Baraga,3.44
Manassas Park,3.44
Concho,3.44
Seward,3.44
Hartley,3.44
Niobrara,3.44
Bowman,3.44
Murray,3.44
Culberson,3.44
Gloucester,3.44
Garza,3.44
Broome,3.44
St. Louis,3.44
Placer,3.44
Bennington,3.44
Centre,3.44
Real,3.44
Valley,3.44
Prowers,3.44
Adams,3.44
Custer,3.44
Onondaga,3.44
Dukes,3.44
Koochiching,3.44
Carbon,3.44
Mellette,3.44
Sutton,3.43
Keith,3.43
Kimball,3.43
Charlevoix,3.43
Dawson,3.43
Lehigh,3.43
La Salle,3.43
Chippewa,3.43
Elmore,3.43
Franklin,3.43
Brown,3.43
Atlantic,3.43
Cloud,3.43
Sussex,3.43
Amador,3.43
Orange,3.43
Broomfield,3.43
Iron,3.43
Foard,3.43
Sherman,3.43
Beaverhead,3.43
Nicollet,3.43
Humboldt,3.43
Orange,3.43
Otsego,3.43
Ventura,3.43
Lyon,3.43
Los Angeles,3.43
Foster,3.43
Zavala,3.43
Dickens,3.43
Kitsap,3.42
Del Norte,3.42
Pershing,3.42
Rio Arriba,3.42
San Diego,3.42
Comanche,3.42
Crockett,3.42
Warren,3.42
Winchester,3.42
Pike,3.42
Travis,3.42
Cumberland,3.42
Coos,3.42
Calhoun,3.42
Kittitas,3.42
Dutchess,3.42
Otero,3.42
Mitchell,3.42
Hood River,3.42
Baltimore,3.41
Grand,3.41
Valley,3.41
Clare,3.41
Delaware,3.41
Sherman,3.41
Santa Barbara,3.41
Barnes,3.41
Fredericksburg,3.41
Benzie,3.41
Emporia,3.41
San Benito,3.41
Wibaux,3.41
Frio,3.41
Walla Walla,3.41
Pennington,3.40
Green,3.40
Washington,3.40
Goodhue,3.40
Pawnee,3.40
Childress,3.40
Greenlee,3.40
Thurston,3.40
Clay,3.40
Broward,3.40
Imperial,3.40
Delta,3.40
Ottawa,3.40
Midland,3.40
Yuma,3.40
Pipestone,3.40
Collingsworth,3.39
Covington,3.39
Harrisonburg,3.39
Union,3.39
Wasco,3.39
Grand,3.39
Routt,3.39
Forest,3.39
Tucker,3.39
Bristol,3.39
Logan,3.39
Livingston,3.39
Deer Lodge,3.39
Columbia,3.38
Johnson,3.38
Rich,3.38
White Pine,3.38
Idaho,3.38
Schenectady,3.38
Nye,3.38
Teller,3.38
Waukesha,3.38
Page,3.38
Kit Carson,3.38
Orange,3.38
Swift,3.38
Newport,3.38
Allegheny,3.38
Luna,3.38
Hamilton,3.38
Phillips,3.37
Wallowa,3.37
Monroe,3.37
Monroe,3.37
Mason,3.37
Clearwater,3.37
Tillamook,3.37
Sumter,3.37
Worcester,3.37
Jeff Davis,3.37
Reagan,3.37
Phelps,3.37
Pacific,3.37
Okanogan,3.37
Erie,3.36
Day,3.36
Inyo,3.36
Hardeman,3.36
Milwaukee,3.36
Norton,3.36
New Castle,3.36
Berkshire,3.36
Macomb,3.36
Crane,3.36
Manassas,3.36
Gila,3.36
Grant,3.35
Brown,3.35
Sanders,3.35
El Dorado,3.35
Chittenden,3.35
Watonwan,3.35
Box Butte,3.35
Redwood,3.35
Brewster,3.35
Ochiltree,3.35
Putnam,3.35
Rice,3.35
Sully,3.35
Baylor,3.35
Anne Arundel,3.35
Suffolk,3.35
Nantucket,3.34
Summit,3.34
Hemphill,3.34
Sonoma,3.34
McIntosh,3.34
Yolo,3.34
Cherry,3.34
Chase,3.34
Olmsted,3.34
Gunnison,3.34
Mendocino,3.33
Hot Springs,3.33
Ashland,3.33
Kent,3.33
Nevada,3.32
Klickitat,3.32
Butte,3.32
Stonewall,3.32
Cameron,3.32
Frederick,3.32
Kearny,3.32
Eddy,3.32
Gladwin,3.32
Latah,3.32
Napa,3.32
Eaton,3.32
Alger,3.32
Scott,3.31
Alpine,3.31
Dawes,3.31
Livingston,3.31
Brooks,3.31
Champaign,3.31
Rosebud,3.31
Crawford,3.31
Lincoln,3.31
Slope,3.30
Albany,3.30
Camden,3.30
McLean,3.30
Marquette,3.30
Benewah,3.30
Menard,3.29
Greeley,3.29
Scott,3.29
Lander,3.29
Kalamazoo,3.29
Ozaukee,3.29
Albemarle,3.29
Baltimore,3.29
Jim Hogg,3.29
Iron,3.29
Washington,3.28
Boulder,3.28
Custer,3.28
Grant,3.28
Platte,3.28
Bucks,3.28
Benton,3.28
Multnomah,3.28
Ramsey,3.27
Wayne,3.27
Walworth,3.27
Traverse,3.27
Chaffee,3.27
Island,3.27
Hampshire,3.27
Quay,3.27
Prince William,3.27
Cheyenne,3.27
Manistee,3.26
McKinley,3.26
Contra Costa,3.26
Hamilton,3.26
Grant,3.26
Mariposa,3.26
Griggs,3.26
Burlington,3.26
Clallam,3.26
Lake,3.26
Chouteau,3.26
Washington,3.25
Harney,3.25
Humboldt,3.25
Prince George's,3.25
Door,3.25
Custer,3.25
Essex,3.25
Colfax,3.25
Washakie,3.24
Meade,3.24
Montmorency,3.24
Grant,3.24
Kendall,3.24
Clinton,3.23
Fergus,3.23
Prairie,3.23
Hyde,3.23
Dakota,3.23
Fall River,3.23
Hall,3.23
Phillips,3.23
Cottle,3.23
Lincoln,3.23
Kane,3.22
Highland,3.22
McHenry,3.22
San Miguel,3.22
Will,3.21
Modoc,3.21
Kinney,3.21
Passaic,3.21
Lake,3.21
Carver,3.21
Ingham,3.21
Morton,3.20
Socorro,3.20
Taos,3.20
Fallon,3.20
Roscommon,3.20
McPherson,3.20
Baca,3.19
Sierra,3.19
Ouray,3.18
Jones,3.18
Pitkin,3.18
Towner,3.17
Cheyenne,3.17
Hansford,3.16
Union,3.16
Apache,3.16
Delaware,3.16
Hettinger,3.15
Alcona,3.15
Kane,3.15
Musselshell,3.14
Ziebach,3.14
Oscoda,3.14
Presidio,3.14
Mora,3.14
Whitman,3.14
Plumas,3.13
Rawlins,3.13
Philadelphia,3.13
Powell,3.13
Rio Blanco,3.13
Dane,3.13
Toole,3.13
Adams,3.13
Stanton,3.13
Williamsburg,3.13
Lake,3.12
Ontonagon,3.12
Wichita,3.12
Garden,3.12
Fairfield,3.12
Lemhi,3.12
Liberty,3.11
Baker,3.11
Hinsdale,3.10
Huerfano,3.09
Houghton,3.09
Sheridan,3.09
Potter,3.08
Powder River,3.08
Iosco,3.08
Chester,3.08
Lincoln,3.08
Hennepin,3.07
Perkins,3.07
Petroleum,3.06
Daggett,3.06
San Juan,3.05
Dewey,3.05
Mackinac,3.05
Monmouth,3.05
Lincoln,3.05
Sioux,3.05
Jackson,3.05
Garfield,3.05
Curry,3.04
Garfield,3.04
Santa Cruz,3.03
Cook,3.03
Montgomery,3.02
Presque Isle,3.02
Rockland,3.02
Hidalgo,3.02
Pocahontas,3.01
Jackson,3.01
Granite,3.01
Hunterdon,3.01
Sierra,2.99
Treasure,2.98
Garfield,2.98
Union,2.98
Charlottesville,2.98
Trinity,2.98
Sherman,2.97
Mercer,2.96
Faulk,2.95
DuPage,2.94
Lake,2.94
McPherson,2.94
Alameda,2.93
King,2.91
Richmond,2.91
Mono,2.91
Lake,2.91
Boise,2.90
Garfield,2.89
Schoolcraft,2.89
Bennett,2.88
Cook,2.87
Nassau,2.86
Mineral,2.85
Essex,2.85
Middlesex,2.84
La Paz,2.84
San Mateo,2.83
Norfolk,2.83
San Miguel,2.82
Oglala Lakota,2.82
Lexington,2.82
Gilpin,2.82
San Juan,2.81
Middlesex,2.80
Jefferson,2.78
Morris,2.78
Gilliam,2.77
Ferry,2.77
Terrell,2.76
Wheatland,2.76
Meagher,2.76
Esmeralda,2.75
Bergen,2.75
Costilla,2.74
Marin,2.73
Keweenaw,2.73
Westchester,2.68
Los Alamos,2.67
Mineral,2.67
Santa Clara,2.65
Somerset,2.64
Tompkins,2.64
Suffolk,2.61
Oakland,2.60
Hudson,2.58
Washtenaw,2.55
Wheeler,2.48
Loudoun,2.47
Queens,2.46
Alexandria,2.46
Carter,2.46
Howard,2.45
Todd,2.45
Catron,2.38
Fairfax,2.38
Bronx,2.33
Montgomery,2.26
Fairfax,2.21
Kings,2.20
Luce,2.18
Harding,2.16
San Francisco,2.07
District of Columbia,1.85
Arlington,1.85
Golden Valley,1.83
Falls Church,1.67
San Juan,1.61
New York,1.34
